C54x/X54x 4-Color IU;Supplies;C540X74G;1000; 105,00 
C54x/X54x Black CRTG Extra BSD Return;Supplies;24B5590;1000; 31,40 
C54x/X54x Black Imaging Unit Standard Regular;Supplies;C540X71G;1000; 82,20 
C54x/X54x Cyan Toner Cartridge Extra High Return;Supplies;24B5587;1000; 33,60 
C54x/X54x Magenta Toner Cartridge Extra High Return;Supplies;24B5588;1000; 33,60 
C54x/X54x Waste Container Other Supplies Standard Regular;Supplies;C540X75G;1000; 4,73 
C54x/X54x Yellow Toner Cartridge Extra High Return;Supplies;24B5589;1000; 33,60 
C73x/X73x 1-Pack Photoconductor Kit Standard Regular;Supplies;C734X20G;1000; 12,60 
C73x/X73x 4-Pack Photoconductor Kit Standard Regular;Supplies;C734X24G;1000; 42,00 
C73x/X73x Black CRTG High BSD Return;Supplies;24B5807;1000; 40,95 
C73x/X73x Cyan CRTG High BSD Return;Supplies;24B5804;1000; 78,75 
C73x/X73x Magenta CRTG High BSD Return;Supplies;24B5805;1000; 78,75 
C73x/X73x WC;Supplies;C734X77G;1000; 3,15 
C73x/X73x Yellow CRTG High BSD Return;Supplies;24B5806;1000; 78,75 
C74x Black CRTG High BSD Return;Supplies;24B5578;1000; 38,04 
C74x Cyan CRTG High BSD Return;Supplies;24B5579;1000; 85,27 
C74x Magenta CRTG High BSD Return;Supplies;24B5580;1000; 85,27 
C74x Yellow CRTG High BSD Return;Supplies;24B5581;1000; 85,27 
C79x Black CRTG Extra BSD Return;Supplies;24B5831;1000; 45,15 
C79x Cyan CRTG Extra BSD Return;Supplies;24B5828;1000; 127,58 
C79x Magenta CRTG Extra BSD Return;Supplies;24B5829;1000; 127,58 
C79x Waste Container Other Supplies Standard Regular;Supplies;C792X77G;1000; 7,20 
C79x Yellow CRTG Extra BSD Return;Supplies;24B5830;1000; 127,58 
C925 Black Imaging Unit Standard Regular;Supplies;C925X72G;1000; 52,29 
C925 Cyan Imaging Unit Standard Regular;Supplies;C925X73G;1000; 56,85 
C925 Magenta Imaging Unit Standard Regular;Supplies;C925X74G;1000; 56,85 
C925 Waste Container Other Supplies Standard Regular;Supplies;C925X76G;1000; 7,28 
C925 Yellow Imaging Unit Standard Regular;Supplies;C925X75G;1000; 56,85 
C950 1-Pack Photoconductor Kit Standard Regular;Supplies;C950X71G;1000; 138,36 
C950 3-Pack Photoconductor Kit Standard Regular;Supplies;C950X73G;1000; 415,07 
C950 Waste Container Other Supplies Standard Regular;Supplies;C950X76G;1000; 16,68 
Common 3-Pack Finisher Staples;Supplies;25A0013;1000; 40,27 
Common 4-Pack Finisher Staples Standard Regular;Supplies;21Z0357;1000; 69,51 
Common 5-Pack Finisher Staples Standard Regular;Supplies;35S8500;1000; 31,90 
CS31/41/51x 4-Color IU;Supplies;70C0Z50;1000; 159,38 
CS31/41/51x Black Developer;Supplies;70C0D10;1000; 28,69 
CS31/41/51x Black IU;Supplies;70C0Z10;1000; 107,09 
CS31/41/51x Cyan Developer;Supplies;70C0D20;1000; 26,77 
CS31/41/51x Magenta Developer;Supplies;70C0D30;1000; 26,77 
CS72x Black CRTG High BSD CORP;Supplies;24B6519;1000; 58,80 
CS72x Cyan CRTG High BSD CORP;Supplies;24B6516;1000; 64,68 
CS72x Magenta CRTG High BSD CORP;Supplies;24B6517;1000; 64,68 
CS72x Yellow CRTG High BSD CORP;Supplies;24B6518;1000; 64,68 
CS82x Black CRTG Extra BSD CORP;Supplies;24B5998;1000; 36,26 
CS82x Cyan CRTG Extra BSD CORP;Supplies;24B5995;1000; 122,50 
CS82x Magenta CRTG Extra BSD CORP;Supplies;24B5996;1000; 122,50 
CS82x Yellow CRTG Extra BSD CORP;Supplies;24B5997;1000; 122,50 
CS92x/CX92x Black CRTG High BSD;Supplies;24B6845;1000; 73,37 
CS92x/CX92x Black CRTG High BSD;Supplies;24B6849;1000; 39,51 
CS92x/CX92x Cyan CRTG High BSD;Supplies;24B6842;1000; 133,94 
CS92x/CX92x Cyan CRTG High BSD;Supplies;24B6846;1000; 82,77 
CS92x/CX92x Magenta CRTG High BSD;Supplies;24B6843;1000; 136,67 
CS92x/CX92x Magenta CRTG High BSD;Supplies;24B6847;1000; 84,46 
CS92x/CX92x Yellow CRTG High BSD;Supplies;24B6844;1000; 136,67 
CS92x/CX92x Yellow CRTG High BSD;Supplies;24B6848;1000; 84,46 
CX31/41/51x Black CRTG High BSD CORP;Supplies;24B6011;1000; 27,18 
CX31/41/51x Cyan CRTG High BSD CORP;Supplies;24B6008;1000; 29,13 
CX31/41/51x Magenta CRTG High BSD CORP;Supplies;24B6009;1000; 29,13 
CX31/41/51x Yellow CRTG High BSD CORP;Supplies;24B6010;1000; 29,13 
CX725 Black CRTG High BSD CORP;Supplies;24B6720;1000; 60,00 
CX725 Cyan CRTG High BSD CORP;Supplies;24B6717;1000; 85,00 
CX725 Magenta CRTG High BSD CORP;Supplies;24B6718;1000; 85,00 
CX725 Yellow CRTG High BSD CORP;Supplies;24B6719;1000; 85,00 
CX82x/CX860 Black CRTG Extra BSD CORP;Supplies;24B6511;1000; 46,00 
CX82x/CX860 Black CRTG Ultra BSD CORP;Supplies;24B6515;1000; 70,00 
CX82x/CX860 Cyan CRTG Extra BSD CORP;Supplies;24B6508;1000; 92,00 
CX82x/CX860 Cyan CRTG Ultra BSD CORP;Supplies;24B6512;1000; 129,00 
CX82x/CX860 Magenta CRTG Extra BSD CORP;Supplies;24B6509;1000; 92,00 
CX82x/CX860 Magenta CRTG Ultra BSD CORP;Supplies;24B6513;1000; 129,00 
CX82x/CX860 Yellow CRTG Extra BSD CORP;Supplies;24B6510;1000; 92,00 
CX82x/CX860 Yellow CRTG Ultra BSD CORP;Supplies;24B6514;1000; 129,00 
E26/36/46x 1-Pack PC;Supplies;E260X22G;1000; 11,96 
E26/36/46x Black CRTG Extra BSD Return;Supplies;24B5850;1000; 64,83 
E26/36/46x Black CRTG High BSD Return;Supplies;24B5865;1000; 64,01 
MS3/4/5/61x Black CRTG Extra BSD CORP;Supplies;24B6035;1000; 75,88 
MS3/4/5/61x Black CRTG Extra BSD CORP;Supplies;24B6186;1000; 56,71 
MS3/4/5/61x Black CRTG High BSD CORP;Supplies;24B6213;1000; 66,72 
MS3/4/5/61x Black IU BSD Return;Supplies;24B6040;1000; 22,16 
MS71/81x Black CRTG Extra BSD CORP;Supplies;24B6015;1000; 91,73 
MS71/81x Black IU BSD Return;Supplies;24B6025;1000; 22,92 
MX71/81x Black CRTG Extra BSD CORP;Supplies;24B6020;1000; 66,96 
MX91x Black CRTG BSD;Supplies;24B6326;1000; 31,00 
T65x Black CRTG Extra BSD Return;Supplies;24B5870;1000; 83,33 
T65x Black CRTG High BSD Return;Supplies;24B5885;1000; 84,35 
X26x/X36x Black CRTG High BSD Return;Supplies;24B5860;1000; 65,58 
X65x Black CRTG Extra BSD Return;Supplies;24B5875;1000; 83,33 
X74x Black CRTG High BSD Return;Supplies;24B5700;1000; 27,18 
X74x Cyan CRTG High BSD Return;Supplies;24B5701;1000; 81,21 
X74x Magenta CRTG High BSD Return;Supplies;24B5702;1000; 81,21 
X74x Yellow CRTG High BSD Return;Supplies;24B5703;1000; 81,21 
X79x Black CRTG Extra BSD Return;Supplies;24B5835;1000; 43,00 
X79x Black CRTG Extra BSD Return;Supplies;24B6022;1000; 41,50 
X79x Cyan CRTG Extra BSD Return;Supplies;24B5832;1000; 121,50 
X79x Cyan CRTG Extra BSD Return;Supplies;24B6018;1000; 99,60 
X79x Magenta CRTG Extra BSD Return;Supplies;24B5833;1000; 121,50 
X79x Magenta CRTG Extra BSD Return;Supplies;24B6019;1000; 99,60 
X79x Yellow CRTG Extra BSD Return;Supplies;24B5834;1000; 121,50 
X79x Yellow CRTG Extra BSD Return;Supplies;24B6021;1000; 99,60 
X86x 1-Pack PC High BSD;Supplies;19Z0023;1000; 40,00 
X86x Black Toner Cartridge High Regular;Supplies;19Z0022;1000; 35,00 
X925 Black CRTG High BSD;Supplies;24Z0037;1000; 32,57 
X925 Cyan CRTG High BSD;Supplies;24Z0034;1000; 43,72 
X925 Magenta CRTG High BSD;Supplies;24Z0035;1000; 43,72 
X925 Yellow CRTG High BSD;Supplies;24Z0036;1000; 43,72 
X95x Black CRTG Extra BSD;Supplies;22Z0008;1000; 28,15 
X95x Cyan CRTG Extra BSD;Supplies;22Z0009;1000; 80,00 
X95x Magenta CRTG Extra BSD;Supplies;22Z0010;1000; 80,00 
X95x Yellow CRTG Extra BSD;Supplies;22Z0011;1000; 80,00 
